Experiment,Roll,dy_mps,y_m
Sine id 1,0.0006127793438156408,0.0006580627503865993,1.3194056342861173
Sine id 2,0.0005029840058062728,0.0015061943561821317,2.2138793282831686
Sine id 3,0.0016261076614194835,0.0038533639475958584,1.2425394116305888
Manual Input,0.0007739603631019974,0.0051136398445957125,2.0331412087014855
