Experimento,Pitch,dx_mps,x_m
Senoide id 1,0.0002467575237366374,0.0007613558280768406,0.23314584060547505
Senoide id 2,0.0002239293103969047,0.0027400402096096504,0.29847488644860154
Senoide id 3,0.0006813936903556875,0.005024339881531881,0.034747735606840364
Manual Input,0.0012286030611376635,0.0039900885606401135,0.19880163385347935
