Experimento,Pitch,dx_mps,x_m
Senoide id 1,0.004435168758078389,0.0474063239034528,2.6007497009443807
Senoide id 2,0.0032268924002951615,0.05629655261863347,4.707960623602876
Senoide id 3,0.005696104156038693,0.10784078230446362,0.7115751774515345
Manual Input,0.009886979590528354,0.09280587151311193,0.8870390823275508
