Experimento,Pitch,dx_mps,x_m
Senoide id 1,0.00020305373018406317,0.005585176393872939,0.08046476336062489
Senoide id 2,0.0001739723522665371,0.01133275072486479,0.1233063722898611
Senoide id 3,0.00037617990143955086,0.024729641186547417,0.11638537605936859
Manual Input,0.0010982001682861852,0.0146459567524384,0.06057615667231134
